basis,m,R,s,queries,field,threads,parallel,commit_ms,open_ms,prover_ms,verify_ms,proof_kib
Kernel,12,2,8,148,p^2,2,true,1.76,2.04,3.80,1.472,424.3
Monomial,12,2,8,148,p^2,2,true,1.90,2.08,3.98,1.553,424.3
Kernel,14,2,10,148,p^2,2,true,7.69,7.82,15.51,1.976,577.2
Monomial,14,2,10,148,p^2,2,true,5.14,7.65,12.79,2.033,577.2
Kernel,16,2,12,148,p^2,2,true,24.08,24.91,48.98,2.461,748.5
Monomial,16,2,12,148,p^2,2,true,21.50,25.62,47.12,2.603,748.5
Kernel,18,2,14,148,p^2,2,true,107.63,126.40,234.04,4.422,938.3
Monomial,18,2,14,148,p^2,2,true,107.75,122.14,229.89,4.613,938.3
Kernel,20,2,16,148,p^2,2,true,417.46,368.39,785.86,3.998,1146.7
Monomial,20,2,16,148,p^2,2,true,366.64,387.11,753.75,4.054,1146.7
Kernel,22,2,18,148,p^2,2,true,1860.75,1876.02,3736.77,6.131,1373.5
Monomial,22,2,18,148,p^2,2,true,2032.58,1902.39,3934.97,4.836,1373.5
