config,m,threads,commit_ms,open_ms,prover_ms,verify_ms,proof_kib
unique-k1,12,1,3.60,28.10,31.70,2.400,130.7
unique-k1,12,2,2.00,19.70,21.70,1.800,130.7
johnson-k4,12,1,1.60,4.20,5.80,0.518,45.1
johnson-k4,12,2,1.00,2.60,3.60,0.279,45.1
unique-k1,14,1,12.20,92.20,104.40,2.400,199.0
unique-k1,14,2,7.80,64.70,72.50,3.000,199.0
johnson-k4,14,1,7.10,13.40,20.50,0.570,56.3
johnson-k4,14,2,3.90,8.50,12.40,0.752,56.3
unique-k1,16,1,58.80,385.80,444.60,4.300,285.4
unique-k1,16,2,31.40,231.70,263.10,3.600,285.4
johnson-k4,16,1,27.20,72.30,99.50,0.539,75.2
johnson-k4,16,2,13.90,37.20,51.10,0.490,75.2
unique-k1,18,1,237.80,1500.00,1737.80,3.800,392.1
unique-k1,18,2,146.60,774.20,920.80,3.700,392.1
johnson-k4,18,1,125.80,251.60,377.40,0.585,87.8
johnson-k4,18,2,71.30,135.00,206.30,0.557,87.8
unique-k1,20,1,1100.00,6100.00,7200.00,4.900,513.4
unique-k1,20,2,584.50,3300.00,3884.50,5.300,513.4
johnson-k4,20,1,638.40,2000.00,2638.40,0.768,108.2
johnson-k4,20,2,327.60,1300.00,1627.60,0.885,108.2
unique-k1,22,1,4900.00,25800.00,30700.00,4.900,657.2
unique-k1,22,2,2800.00,13900.00,16700.00,6.500,657.2
johnson-k4,22,1,3000.00,7800.00,10800.00,0.856,121.1
johnson-k4,22,2,1600.00,4500.00,6100.00,0.655,121.1
