scheme,m,commit_ms,open_ms,verify_ms,proof_kib
sumfri-sum,12,1.78,1.10,1.050,130.6
kbfold-sum,12,1.63,1.81,1.105,128.0
sumfri-eval,12,1.65,1.37,1.048,129.0
kbfold-eval,12,1.67,1.79,1.135,131.8
sumfri-sum,14,6.75,3.35,1.351,212.2
kbfold-sum,14,7.00,7.08,1.389,212.5
sumfri-eval,14,7.17,5.68,1.414,210.4
kbfold-eval,14,7.15,7.19,1.431,217.5
sumfri-sum,16,33.66,17.99,1.719,299.3
kbfold-sum,16,33.95,32.85,2.202,299.3
sumfri-eval,16,29.15,24.61,1.687,298.2
kbfold-eval,16,33.01,31.87,1.465,298.1
sumfri-sum,18,139.28,63.27,2.184,400.7
kbfold-sum,18,118.46,95.52,1.624,399.9
sumfri-eval,18,134.52,89.58,2.844,394.6
kbfold-eval,18,145.74,125.88,2.132,403.3
sumfri-sum,20,603.50,299.29,2.403,496.8
kbfold-sum,20,657.99,641.58,2.641,500.7
sumfri-eval,20,605.78,435.93,2.488,497.6
kbfold-eval,20,629.32,588.34,2.571,500.3
sumfri-sum,22,3015.89,1368.71,2.809,617.8
kbfold-sum,22,3215.52,2474.45,4.467,627.5
sumfri-eval,22,2856.52,1867.43,3.416,621.9
kbfold-eval,22,3005.36,2482.30,2.369,623.8
